{"1": {"nombre": "Lionel Messi", "equipo": "Inter Miami FC", "posicion": "Delantero", "edad": 36, "imagen": "./img/messi.jpg"}, "2": {"nombre": "Julian Alvarez", "equipo": "Manchester City FC", "posicion": "Delantero", "edad": 23, "imagen": "./img/lara\u00f1a.jpg"}, "3": {"nombre": "Neymar Junior", "equipo": "Al-Hilal FC", "posicion": "Delantero", "edad": 31, "imagen": "./img/neymar.png"}, "4": {"nombre": "Cristiano Ronaldo", "equipo": "Al-Nassr FC", "posicion": "Delantero", "edad": 38, "imagen": "./img/ronaldo.jpg"}, "5": {"nombre": "Emiliano Martinez", "equipo": "Aston Villa FC", "posicion": "Arquero", "edad": 31, "imagen": "./img/dibu.png"}}